"","id","qid","parid","dataset","plottype","response","cresponse","correct"
"1","R_7ONSkE1nz3KoRFO",1,"a","A","bar","3",1,FALSE
"2","R_dha3yxnSNHMTiza",1,"a","A","circos","2",1,FALSE
"3","R_9zbF9pVnDgKLogc",1,"a","A","hammock","2",1,FALSE
"4","R_1Umw95YI8cv3DRG",1,"a","A","bar","2",1,FALSE
"5","R_bsx1sOloTtKtSJu",1,"a","A","hammock","3",1,FALSE
"6","R_6FmRiHnhkQsTeMk",1,"a","A","hammock","3",1,FALSE
"7","R_42C16OPPjnYm8CM",1,"a","A","circos","2",1,FALSE
"8","R_6m2qpZPOKpdyD9a",1,"a","A","hammock","3",1,FALSE
"9","R_5sYZSfjLDJir2kI",1,"a","A","bar","3",1,FALSE
"10","R_01a6HI55lPgLUd6",1,"a","A","circos","2",1,FALSE
"11","R_9QDU9nFW3MfKHoU",1,"a","A","hammock","4",1,FALSE
"12","R_1H707scKVBKDbuY",1,"a","A","bar","3",1,FALSE
"13","R_3qItOVB1m3rRIHO",1,"a","A","hammock","2",1,FALSE
"14","R_a5XRod8QdXHdgiM",1,"a","A","circos","2",1,FALSE
"15","R_bP1eWMUqcLIi1rm",1,"a","A","bar","2",1,FALSE
"16","R_3ZQvAmasceYQPQM",1,"a","A","hammock","4",1,FALSE
"17","R_bvGXdKWl3ICupP6",1,"a","A","bar","2",1,FALSE
"18","R_6Sw1XuYKHVRsEWU",1,"a","A","bar","2",1,FALSE
"19","R_4I64gDQSHH8ojze",1,"a","A","bar","2",1,FALSE
"20","R_6Gnw4mQ6x4AVWII",1,"a","A","hammock","2",1,FALSE
"21","R_3Kmgffq9P84Hqi8",1,"a","A","bar","2",1,FALSE
"22","R_8HaXTyDqjDiLelu",1,"a","A","hammock","2",1,FALSE
"23","R_ekPM1Syz0w3SC9K",1,"a","A","circos","2",1,FALSE
"24","R_bQRG1H7frzNaEQs",1,"a","A","circos","2",1,FALSE
"25","R_d0jsFdwwwPH4qm8",1,"a","A","circos","3",1,FALSE
"26","R_bIrefWwgM8eoCOw",1,"a","A","bar","2",1,FALSE
"27","R_bQosMSXWXg07Ljm",1,"a","A","hammock","4",1,FALSE
"28","R_0O0VLA2fLGC5SAI",1,"a","A","circos","4",1,FALSE
"29","R_eQgihX6yHZzRODi",1,"a","A","bar","2",1,FALSE
"30","R_6EF1Vcw5fLiuBAo",1,"a","A","hammock","2",1,FALSE
"31","R_9st8AEs2Cmddkiw",1,"a","A","bar","2",1,FALSE
"32","R_eWm6JNzYLa6yOP2",1,"a","A","hammock","3",1,FALSE
"33","R_6tm0XdCBcbPY71G",1,"a","A","hammock","3",1,FALSE
"34","R_7ONSkE1nz3KoRFO",1,"b","A","bar","2",2,TRUE
"35","R_dha3yxnSNHMTiza",1,"b","A","circos","3",2,FALSE
"36","R_9zbF9pVnDgKLogc",1,"b","A","hammock","2",2,TRUE
"37","R_1Umw95YI8cv3DRG",1,"b","A","bar","4",2,FALSE
"38","R_bsx1sOloTtKtSJu",1,"b","A","hammock","2",2,TRUE
"39","R_6FmRiHnhkQsTeMk",1,"b","A","hammock","2",2,TRUE
"40","R_42C16OPPjnYm8CM",1,"b","A","circos","2",2,TRUE
"41","R_6m2qpZPOKpdyD9a",1,"b","A","hammock","2",2,TRUE
"42","R_5sYZSfjLDJir2kI",1,"b","A","bar","2",2,TRUE
"43","R_01a6HI55lPgLUd6",1,"b","A","circos","2",2,TRUE
"44","R_9QDU9nFW3MfKHoU",1,"b","A","hammock","2",2,TRUE
"45","R_1H707scKVBKDbuY",1,"b","A","bar","2",2,TRUE
"46","R_3qItOVB1m3rRIHO",1,"b","A","hammock","2",2,TRUE
"47","R_a5XRod8QdXHdgiM",1,"b","A","circos","3",2,FALSE
"48","R_bP1eWMUqcLIi1rm",1,"b","A","bar","3",2,FALSE
"49","R_3ZQvAmasceYQPQM",1,"b","A","hammock","2",2,TRUE
"50","R_bvGXdKWl3ICupP6",1,"b","A","bar","3",2,FALSE
"51","R_6Sw1XuYKHVRsEWU",1,"b","A","bar","3",2,FALSE
"52","R_4I64gDQSHH8ojze",1,"b","A","bar","3",2,FALSE
"53","R_6Gnw4mQ6x4AVWII",1,"b","A","hammock","2",2,TRUE
"54","R_3Kmgffq9P84Hqi8",1,"b","A","bar","3",2,FALSE
"55","R_8HaXTyDqjDiLelu",1,"b","A","hammock","2",2,TRUE
"56","R_ekPM1Syz0w3SC9K",1,"b","A","circos","3",2,FALSE
"57","R_bQRG1H7frzNaEQs",1,"b","A","circos","2",2,TRUE
"58","R_d0jsFdwwwPH4qm8",1,"b","A","circos","2",2,TRUE
"59","R_bIrefWwgM8eoCOw",1,"b","A","bar","4",2,FALSE
"60","R_bQosMSXWXg07Ljm",1,"b","A","hammock","2",2,TRUE
"61","R_0O0VLA2fLGC5SAI",1,"b","A","circos","2",2,TRUE
"62","R_eQgihX6yHZzRODi",1,"b","A","bar","3",2,FALSE
"63","R_6EF1Vcw5fLiuBAo",1,"b","A","hammock","2",2,TRUE
"64","R_9st8AEs2Cmddkiw",1,"b","A","bar","3",2,FALSE
"65","R_eWm6JNzYLa6yOP2",1,"b","A","hammock","2",2,TRUE
"66","R_6tm0XdCBcbPY71G",1,"b","A","hammock","2",2,TRUE
"67","R_7ONSkE1nz3KoRFO",1,"c","A","bar","2",4,FALSE
"68","R_dha3yxnSNHMTiza",1,"c","A","circos","3",4,FALSE
"69","R_9zbF9pVnDgKLogc",1,"c","A","hammock","3",4,FALSE
"70","R_1Umw95YI8cv3DRG",1,"c","A","bar","2",4,FALSE
"71","R_bsx1sOloTtKtSJu",1,"c","A","hammock","3",4,FALSE
"72","R_6FmRiHnhkQsTeMk",1,"c","A","hammock","2",4,FALSE
"73","R_42C16OPPjnYm8CM",1,"c","A","circos","2",4,FALSE
"74","R_6m2qpZPOKpdyD9a",1,"c","A","hammock","3",4,FALSE
"75","R_5sYZSfjLDJir2kI",1,"c","A","bar","2",4,FALSE
"76","R_01a6HI55lPgLUd6",1,"c","A","circos","2",4,FALSE
"77","R_9QDU9nFW3MfKHoU",1,"c","A","hammock","2",4,FALSE
"78","R_1H707scKVBKDbuY",1,"c","A","bar","3",4,FALSE
"79","R_3qItOVB1m3rRIHO",1,"c","A","hammock","3",4,FALSE
"80","R_a5XRod8QdXHdgiM",1,"c","A","circos","3",4,FALSE
"81","R_bP1eWMUqcLIi1rm",1,"c","A","bar","2",4,FALSE
"82","R_3ZQvAmasceYQPQM",1,"c","A","hammock","2",4,FALSE
"83","R_bvGXdKWl3ICupP6",1,"c","A","bar","2",4,FALSE
"84","R_6Sw1XuYKHVRsEWU",1,"c","A","bar","3",4,FALSE
"85","R_4I64gDQSHH8ojze",1,"c","A","bar","2",4,FALSE
"86","R_6Gnw4mQ6x4AVWII",1,"c","A","hammock","3",4,FALSE
"87","R_3Kmgffq9P84Hqi8",1,"c","A","bar","3",4,FALSE
"88","R_8HaXTyDqjDiLelu",1,"c","A","hammock","3",4,FALSE
"89","R_ekPM1Syz0w3SC9K",1,"c","A","circos","3",4,FALSE
"90","R_bQRG1H7frzNaEQs",1,"c","A","circos","2",4,FALSE
"91","R_d0jsFdwwwPH4qm8",1,"c","A","circos","3",4,FALSE
"92","R_bIrefWwgM8eoCOw",1,"c","A","bar","2",4,FALSE
"93","R_bQosMSXWXg07Ljm",1,"c","A","hammock","2",4,FALSE
"94","R_0O0VLA2fLGC5SAI",1,"c","A","circos","2",4,FALSE
"95","R_eQgihX6yHZzRODi",1,"c","A","bar","3",4,FALSE
"96","R_6EF1Vcw5fLiuBAo",1,"c","A","hammock","3",4,FALSE
"97","R_9st8AEs2Cmddkiw",1,"c","A","bar","2",4,FALSE
"98","R_eWm6JNzYLa6yOP2",1,"c","A","hammock","3",4,FALSE
"99","R_6tm0XdCBcbPY71G",1,"c","A","hammock","3",4,FALSE
"100","R_7ONSkE1nz3KoRFO",1,"d","A","bar","3",3,TRUE
"101","R_dha3yxnSNHMTiza",1,"d","A","circos","3",3,TRUE
"102","R_9zbF9pVnDgKLogc",1,"d","A","hammock","2",3,FALSE
"103","R_1Umw95YI8cv3DRG",1,"d","A","bar","2",3,FALSE
"104","R_bsx1sOloTtKtSJu",1,"d","A","hammock","2",3,FALSE
"105","R_6FmRiHnhkQsTeMk",1,"d","A","hammock","2",3,FALSE
"106","R_42C16OPPjnYm8CM",1,"d","A","circos","2",3,FALSE
"107","R_6m2qpZPOKpdyD9a",1,"d","A","hammock","2",3,FALSE
"108","R_5sYZSfjLDJir2kI",1,"d","A","bar","3",3,TRUE
"109","R_01a6HI55lPgLUd6",1,"d","A","circos","2",3,FALSE
"110","R_9QDU9nFW3MfKHoU",1,"d","A","hammock","2",3,FALSE
"111","R_1H707scKVBKDbuY",1,"d","A","bar","3",3,TRUE
"112","R_3qItOVB1m3rRIHO",1,"d","A","hammock","2",3,FALSE
"113","R_a5XRod8QdXHdgiM",1,"d","A","circos","3",3,TRUE
"114","R_bP1eWMUqcLIi1rm",1,"d","A","bar","3",3,TRUE
"115","R_3ZQvAmasceYQPQM",1,"d","A","hammock","2",3,FALSE
"116","R_bvGXdKWl3ICupP6",1,"d","A","bar","3",3,TRUE
"117","R_6Sw1XuYKHVRsEWU",1,"d","A","bar","3",3,TRUE
"118","R_4I64gDQSHH8ojze",1,"d","A","bar","3",3,TRUE
"119","R_6Gnw4mQ6x4AVWII",1,"d","A","hammock","3",3,TRUE
"120","R_3Kmgffq9P84Hqi8",1,"d","A","bar","3",3,TRUE
"121","R_8HaXTyDqjDiLelu",1,"d","A","hammock","2",3,FALSE
"122","R_ekPM1Syz0w3SC9K",1,"d","A","circos","3",3,TRUE
"123","R_bQRG1H7frzNaEQs",1,"d","A","circos","2",3,FALSE
"124","R_d0jsFdwwwPH4qm8",1,"d","A","circos","3",3,TRUE
"125","R_bIrefWwgM8eoCOw",1,"d","A","bar","2",3,FALSE
"126","R_bQosMSXWXg07Ljm",1,"d","A","hammock","2",3,FALSE
"127","R_0O0VLA2fLGC5SAI",1,"d","A","circos","2",3,FALSE
"128","R_eQgihX6yHZzRODi",1,"d","A","bar","3",3,TRUE
"129","R_6EF1Vcw5fLiuBAo",1,"d","A","hammock","2",3,FALSE
"130","R_9st8AEs2Cmddkiw",1,"d","A","bar","3",3,TRUE
"131","R_eWm6JNzYLa6yOP2",1,"d","A","hammock","2",3,FALSE
"132","R_6tm0XdCBcbPY71G",1,"d","A","hammock","2",3,FALSE
"133","R_7ONSkE1nz3KoRFO",2,"a","A","bar","4",4,TRUE
"134","R_dha3yxnSNHMTiza",2,"a","A","circos","4",4,TRUE
"135","R_9zbF9pVnDgKLogc",2,"a","A","hammock","3",4,FALSE
"136","R_1Umw95YI8cv3DRG",2,"a","A","bar","4",4,TRUE
"137","R_bsx1sOloTtKtSJu",2,"a","A","hammock","3",4,FALSE
"138","R_6FmRiHnhkQsTeMk",2,"a","A","hammock","2",4,FALSE
"139","R_42C16OPPjnYm8CM",2,"a","A","circos","2",4,FALSE
"140","R_6m2qpZPOKpdyD9a",2,"a","A","hammock","3",4,FALSE
"141","R_5sYZSfjLDJir2kI",2,"a","A","bar","3",4,FALSE
"142","R_01a6HI55lPgLUd6",2,"a","A","circos","1",4,FALSE
"143","R_9QDU9nFW3MfKHoU",2,"a","A","hammock","3",4,FALSE
"144","R_1H707scKVBKDbuY",2,"a","A","bar","2",4,FALSE
"145","R_3qItOVB1m3rRIHO",2,"a","A","hammock","3",4,FALSE
"146","R_a5XRod8QdXHdgiM",2,"a","A","circos","2",4,FALSE
"147","R_bP1eWMUqcLIi1rm",2,"a","A","bar","4",4,TRUE
"148","R_3ZQvAmasceYQPQM",2,"a","A","hammock","3",4,FALSE
"149","R_bvGXdKWl3ICupP6",2,"a","A","bar","4",4,TRUE
"150","R_6Sw1XuYKHVRsEWU",2,"a","A","bar","2",4,FALSE
"151","R_4I64gDQSHH8ojze",2,"a","A","bar","2",4,FALSE
"152","R_6Gnw4mQ6x4AVWII",2,"a","A","hammock","3",4,FALSE
"153","R_3Kmgffq9P84Hqi8",2,"a","A","bar","2",4,FALSE
"154","R_8HaXTyDqjDiLelu",2,"a","A","hammock","3",4,FALSE
"155","R_ekPM1Syz0w3SC9K",2,"a","A","circos","4",4,TRUE
"156","R_bQRG1H7frzNaEQs",2,"a","A","circos","2",4,FALSE
"157","R_d0jsFdwwwPH4qm8",2,"a","A","circos","3",4,FALSE
"158","R_bIrefWwgM8eoCOw",2,"a","A","bar","2",4,FALSE
"159","R_bQosMSXWXg07Ljm",2,"a","A","hammock","3",4,FALSE
"160","R_0O0VLA2fLGC5SAI",2,"a","A","circos","4",4,TRUE
"161","R_eQgihX6yHZzRODi",2,"a","A","bar","2",4,FALSE
"162","R_6EF1Vcw5fLiuBAo",2,"a","A","hammock","3",4,FALSE
"163","R_9st8AEs2Cmddkiw",2,"a","A","bar","4",4,TRUE
"164","R_eWm6JNzYLa6yOP2",2,"a","A","hammock","2",4,FALSE
"165","R_6tm0XdCBcbPY71G",2,"a","A","hammock","3",4,FALSE
"166","R_7ONSkE1nz3KoRFO",2,"b","A","bar","2",1,FALSE
"167","R_dha3yxnSNHMTiza",2,"b","A","circos","2",1,FALSE
"168","R_9zbF9pVnDgKLogc",2,"b","A","hammock","2",1,FALSE
"169","R_1Umw95YI8cv3DRG",2,"b","A","bar","2",1,FALSE
"170","R_bsx1sOloTtKtSJu",2,"b","A","hammock","2",1,FALSE
"171","R_6FmRiHnhkQsTeMk",2,"b","A","hammock","2",1,FALSE
"172","R_42C16OPPjnYm8CM",2,"b","A","circos","2",1,FALSE
"173","R_6m2qpZPOKpdyD9a",2,"b","A","hammock","2",1,FALSE
"174","R_5sYZSfjLDJir2kI",2,"b","A","bar","2",1,FALSE
"175","R_01a6HI55lPgLUd6",2,"b","A","circos","1",1,TRUE
"176","R_9QDU9nFW3MfKHoU",2,"b","A","hammock","2",1,FALSE
"177","R_1H707scKVBKDbuY",2,"b","A","bar","2",1,FALSE
"178","R_3qItOVB1m3rRIHO",2,"b","A","hammock","2",1,FALSE
"179","R_a5XRod8QdXHdgiM",2,"b","A","circos","4",1,FALSE
"180","R_bP1eWMUqcLIi1rm",2,"b","A","bar","2",1,FALSE
"181","R_3ZQvAmasceYQPQM",2,"b","A","hammock","2",1,FALSE
"182","R_bvGXdKWl3ICupP6",2,"b","A","bar","2",1,FALSE
"183","R_6Sw1XuYKHVRsEWU",2,"b","A","bar","2",1,FALSE
"184","R_4I64gDQSHH8ojze",2,"b","A","bar","3",1,FALSE
"185","R_6Gnw4mQ6x4AVWII",2,"b","A","hammock","2",1,FALSE
"186","R_3Kmgffq9P84Hqi8",2,"b","A","bar","2",1,FALSE
"187","R_8HaXTyDqjDiLelu",2,"b","A","hammock","2",1,FALSE
"188","R_ekPM1Syz0w3SC9K",2,"b","A","circos","2",1,FALSE
"189","R_bQRG1H7frzNaEQs",2,"b","A","circos","2",1,FALSE
"190","R_d0jsFdwwwPH4qm8",2,"b","A","circos","3",1,FALSE
"191","R_bIrefWwgM8eoCOw",2,"b","A","bar","2",1,FALSE
"192","R_bQosMSXWXg07Ljm",2,"b","A","hammock","2",1,FALSE
"193","R_0O0VLA2fLGC5SAI",2,"b","A","circos","2",1,FALSE
"194","R_eQgihX6yHZzRODi",2,"b","A","bar","2",1,FALSE
"195","R_6EF1Vcw5fLiuBAo",2,"b","A","hammock","2",1,FALSE
"196","R_9st8AEs2Cmddkiw",2,"b","A","bar","2",1,FALSE
"197","R_eWm6JNzYLa6yOP2",2,"b","A","hammock","2",1,FALSE
"198","R_6tm0XdCBcbPY71G",2,"b","A","hammock","2",1,FALSE
"199","R_7ONSkE1nz3KoRFO",2,"c","A","bar","2",2,TRUE
"200","R_dha3yxnSNHMTiza",2,"c","A","circos","3",2,FALSE
"201","R_9zbF9pVnDgKLogc",2,"c","A","hammock","2",2,TRUE
"202","R_1Umw95YI8cv3DRG",2,"c","A","bar","2",2,TRUE
"203","R_bsx1sOloTtKtSJu",2,"c","A","hammock","2",2,TRUE
"204","R_6FmRiHnhkQsTeMk",2,"c","A","hammock","3",2,FALSE
"205","R_42C16OPPjnYm8CM",2,"c","A","circos","2",2,TRUE
"206","R_6m2qpZPOKpdyD9a",2,"c","A","hammock","2",2,TRUE
"207","R_5sYZSfjLDJir2kI",2,"c","A","bar","2",2,TRUE
"208","R_01a6HI55lPgLUd6",2,"c","A","circos","1",2,FALSE
"209","R_9QDU9nFW3MfKHoU",2,"c","A","hammock","2",2,TRUE
"210","R_1H707scKVBKDbuY",2,"c","A","bar","2",2,TRUE
"211","R_3qItOVB1m3rRIHO",2,"c","A","hammock","2",2,TRUE
"212","R_a5XRod8QdXHdgiM",2,"c","A","circos","4",2,FALSE
"213","R_bP1eWMUqcLIi1rm",2,"c","A","bar","2",2,TRUE
"214","R_3ZQvAmasceYQPQM",2,"c","A","hammock","2",2,TRUE
"215","R_bvGXdKWl3ICupP6",2,"c","A","bar","2",2,TRUE
"216","R_6Sw1XuYKHVRsEWU",2,"c","A","bar","2",2,TRUE
"217","R_4I64gDQSHH8ojze",2,"c","A","bar","3",2,FALSE
"218","R_6Gnw4mQ6x4AVWII",2,"c","A","hammock","2",2,TRUE
"219","R_3Kmgffq9P84Hqi8",2,"c","A","bar","2",2,TRUE
"220","R_8HaXTyDqjDiLelu",2,"c","A","hammock","2",2,TRUE
"221","R_ekPM1Syz0w3SC9K",2,"c","A","circos","3",2,FALSE
"222","R_bQRG1H7frzNaEQs",2,"c","A","circos","2",2,TRUE
"223","R_d0jsFdwwwPH4qm8",2,"c","A","circos","2",2,TRUE
"224","R_bIrefWwgM8eoCOw",2,"c","A","bar","2",2,TRUE
"225","R_bQosMSXWXg07Ljm",2,"c","A","hammock","2",2,TRUE
"226","R_0O0VLA2fLGC5SAI",2,"c","A","circos","3",2,FALSE
"227","R_eQgihX6yHZzRODi",2,"c","A","bar","2",2,TRUE
"228","R_6EF1Vcw5fLiuBAo",2,"c","A","hammock","2",2,TRUE
"229","R_9st8AEs2Cmddkiw",2,"c","A","bar","2",2,TRUE
"230","R_eWm6JNzYLa6yOP2",2,"c","A","hammock","2",2,TRUE
"231","R_6tm0XdCBcbPY71G",2,"c","A","hammock","2",2,TRUE
"232","R_7ONSkE1nz3KoRFO",2,"d","A","bar","2",3,FALSE
"233","R_dha3yxnSNHMTiza",2,"d","A","circos","3",3,TRUE
"234","R_9zbF9pVnDgKLogc",2,"d","A","hammock","2",3,FALSE
"235","R_1Umw95YI8cv3DRG",2,"d","A","bar","2",3,FALSE
"236","R_bsx1sOloTtKtSJu",2,"d","A","hammock","2",3,FALSE
"237","R_6FmRiHnhkQsTeMk",2,"d","A","hammock","3",3,TRUE
"238","R_42C16OPPjnYm8CM",2,"d","A","circos","2",3,FALSE
"239","R_6m2qpZPOKpdyD9a",2,"d","A","hammock","2",3,FALSE
"240","R_5sYZSfjLDJir2kI",2,"d","A","bar","3",3,TRUE
"241","R_01a6HI55lPgLUd6",2,"d","A","circos","1",3,FALSE
"242","R_9QDU9nFW3MfKHoU",2,"d","A","hammock","2",3,FALSE
"243","R_1H707scKVBKDbuY",2,"d","A","bar","2",3,FALSE
"244","R_3qItOVB1m3rRIHO",2,"d","A","hammock","2",3,FALSE
"245","R_a5XRod8QdXHdgiM",2,"d","A","circos","2",3,FALSE
"246","R_bP1eWMUqcLIi1rm",2,"d","A","bar","2",3,FALSE
"247","R_3ZQvAmasceYQPQM",2,"d","A","hammock","2",3,FALSE
"248","R_bvGXdKWl3ICupP6",2,"d","A","bar","2",3,FALSE
"249","R_6Sw1XuYKHVRsEWU",2,"d","A","bar","2",3,FALSE
"250","R_4I64gDQSHH8ojze",2,"d","A","bar","2",3,FALSE
"251","R_6Gnw4mQ6x4AVWII",2,"d","A","hammock","2",3,FALSE
"252","R_3Kmgffq9P84Hqi8",2,"d","A","bar","2",3,FALSE
"253","R_8HaXTyDqjDiLelu",2,"d","A","hammock","2",3,FALSE
"254","R_ekPM1Syz0w3SC9K",2,"d","A","circos","3",3,TRUE
"255","R_bQRG1H7frzNaEQs",2,"d","A","circos","2",3,FALSE
"256","R_d0jsFdwwwPH4qm8",2,"d","A","circos","4",3,FALSE
"257","R_bIrefWwgM8eoCOw",2,"d","A","bar","2",3,FALSE
"258","R_bQosMSXWXg07Ljm",2,"d","A","hammock","2",3,FALSE
"259","R_0O0VLA2fLGC5SAI",2,"d","A","circos","3",3,TRUE
"260","R_eQgihX6yHZzRODi",2,"d","A","bar","2",3,FALSE
"261","R_6EF1Vcw5fLiuBAo",2,"d","A","hammock","2",3,FALSE
"262","R_9st8AEs2Cmddkiw",2,"d","A","bar","2",3,FALSE
"263","R_eWm6JNzYLa6yOP2",2,"d","A","hammock","3",3,TRUE
"264","R_6tm0XdCBcbPY71G",2,"d","A","hammock","2",3,FALSE
"265","R_7ONSkE1nz3KoRFO",3,"a","A","bar","2",1,FALSE
"266","R_dha3yxnSNHMTiza",3,"a","A","circos","2",1,FALSE
"267","R_9zbF9pVnDgKLogc",3,"a","A","hammock","2",1,FALSE
"268","R_1Umw95YI8cv3DRG",3,"a","A","bar","2",1,FALSE
"269","R_bsx1sOloTtKtSJu",3,"a","A","hammock","No Response",1,FALSE
"270","R_6FmRiHnhkQsTeMk",3,"a","A","hammock","2",1,FALSE
"271","R_42C16OPPjnYm8CM",3,"a","A","circos","2",1,FALSE
"272","R_6m2qpZPOKpdyD9a",3,"a","A","hammock","2",1,FALSE
"273","R_5sYZSfjLDJir2kI",3,"a","A","bar","2",1,FALSE
"274","R_01a6HI55lPgLUd6",3,"a","A","circos","1",1,TRUE
"275","R_9QDU9nFW3MfKHoU",3,"a","A","hammock","2",1,FALSE
"276","R_1H707scKVBKDbuY",3,"a","A","bar","2",1,FALSE
"277","R_3qItOVB1m3rRIHO",3,"a","A","hammock","2",1,FALSE
"278","R_a5XRod8QdXHdgiM",3,"a","A","circos","2",1,FALSE
"279","R_bP1eWMUqcLIi1rm",3,"a","A","bar","2",1,FALSE
"280","R_3ZQvAmasceYQPQM",3,"a","A","hammock","2",1,FALSE
"281","R_bvGXdKWl3ICupP6",3,"a","A","bar","2",1,FALSE
"282","R_6Sw1XuYKHVRsEWU",3,"a","A","bar","2",1,FALSE
"283","R_4I64gDQSHH8ojze",3,"a","A","bar","2",1,FALSE
"284","R_6Gnw4mQ6x4AVWII",3,"a","A","hammock","2",1,FALSE
"285","R_3Kmgffq9P84Hqi8",3,"a","A","bar","2",1,FALSE
"286","R_8HaXTyDqjDiLelu",3,"a","A","hammock","2",1,FALSE
"287","R_ekPM1Syz0w3SC9K",3,"a","A","circos","2",1,FALSE
"288","R_bQRG1H7frzNaEQs",3,"a","A","circos","2",1,FALSE
"289","R_d0jsFdwwwPH4qm8",3,"a","A","circos","2",1,FALSE
"290","R_bIrefWwgM8eoCOw",3,"a","A","bar","2",1,FALSE
"291","R_bQosMSXWXg07Ljm",3,"a","A","hammock","2",1,FALSE
"292","R_0O0VLA2fLGC5SAI",3,"a","A","circos","2",1,FALSE
"293","R_eQgihX6yHZzRODi",3,"a","A","bar","2",1,FALSE
"294","R_6EF1Vcw5fLiuBAo",3,"a","A","hammock","2",1,FALSE
"295","R_9st8AEs2Cmddkiw",3,"a","A","bar","No Response",1,FALSE
"296","R_eWm6JNzYLa6yOP2",3,"a","A","hammock","2",1,FALSE
"297","R_6tm0XdCBcbPY71G",3,"a","A","hammock","2",1,FALSE
"298","R_7ONSkE1nz3KoRFO",3,"b","A","bar","4",4,TRUE
"299","R_dha3yxnSNHMTiza",3,"b","A","circos","2",4,FALSE
"300","R_9zbF9pVnDgKLogc",3,"b","A","hammock","2",4,FALSE
"301","R_1Umw95YI8cv3DRG",3,"b","A","bar","3",4,FALSE
"302","R_bsx1sOloTtKtSJu",3,"b","A","hammock","No Response",4,FALSE
"303","R_6FmRiHnhkQsTeMk",3,"b","A","hammock","2",4,FALSE
"304","R_42C16OPPjnYm8CM",3,"b","A","circos","2",4,FALSE
"305","R_6m2qpZPOKpdyD9a",3,"b","A","hammock","4",4,TRUE
"306","R_5sYZSfjLDJir2kI",3,"b","A","bar","4",4,TRUE
"307","R_01a6HI55lPgLUd6",3,"b","A","circos","1",4,FALSE
"308","R_9QDU9nFW3MfKHoU",3,"b","A","hammock","4",4,TRUE
"309","R_1H707scKVBKDbuY",3,"b","A","bar","2",4,FALSE
"310","R_3qItOVB1m3rRIHO",3,"b","A","hammock","2",4,FALSE
"311","R_a5XRod8QdXHdgiM",3,"b","A","circos","2",4,FALSE
"312","R_bP1eWMUqcLIi1rm",3,"b","A","bar","4",4,TRUE
"313","R_3ZQvAmasceYQPQM",3,"b","A","hammock","4",4,TRUE
"314","R_bvGXdKWl3ICupP6",3,"b","A","bar","4",4,TRUE
"315","R_6Sw1XuYKHVRsEWU",3,"b","A","bar","2",4,FALSE
"316","R_4I64gDQSHH8ojze",3,"b","A","bar","4",4,TRUE
"317","R_6Gnw4mQ6x4AVWII",3,"b","A","hammock","4",4,TRUE
"318","R_3Kmgffq9P84Hqi8",3,"b","A","bar","2",4,FALSE
"319","R_8HaXTyDqjDiLelu",3,"b","A","hammock","2",4,FALSE
"320","R_ekPM1Syz0w3SC9K",3,"b","A","circos","2",4,FALSE
"321","R_bQRG1H7frzNaEQs",3,"b","A","circos","2",4,FALSE
"322","R_d0jsFdwwwPH4qm8",3,"b","A","circos","2",4,FALSE
"323","R_bIrefWwgM8eoCOw",3,"b","A","bar","2",4,FALSE
"324","R_bQosMSXWXg07Ljm",3,"b","A","hammock","4",4,TRUE
"325","R_0O0VLA2fLGC5SAI",3,"b","A","circos","2",4,FALSE
"326","R_eQgihX6yHZzRODi",3,"b","A","bar","2",4,FALSE
"327","R_6EF1Vcw5fLiuBAo",3,"b","A","hammock","2",4,FALSE
"328","R_9st8AEs2Cmddkiw",3,"b","A","bar","No Response",4,FALSE
"329","R_eWm6JNzYLa6yOP2",3,"b","A","hammock","3",4,FALSE
"330","R_6tm0XdCBcbPY71G",3,"b","A","hammock","4",4,TRUE
"331","R_7ONSkE1nz3KoRFO",3,"c","A","bar","2",3,FALSE
"332","R_dha3yxnSNHMTiza",3,"c","A","circos","2",3,FALSE
"333","R_9zbF9pVnDgKLogc",3,"c","A","hammock","2",3,FALSE
"334","R_1Umw95YI8cv3DRG",3,"c","A","bar","3",3,TRUE
"335","R_bsx1sOloTtKtSJu",3,"c","A","hammock","No Response",3,FALSE
"336","R_6FmRiHnhkQsTeMk",3,"c","A","hammock","2",3,FALSE
"337","R_42C16OPPjnYm8CM",3,"c","A","circos","2",3,FALSE
"338","R_6m2qpZPOKpdyD9a",3,"c","A","hammock","2",3,FALSE
"339","R_5sYZSfjLDJir2kI",3,"c","A","bar","2",3,FALSE
"340","R_01a6HI55lPgLUd6",3,"c","A","circos","1",3,FALSE
"341","R_9QDU9nFW3MfKHoU",3,"c","A","hammock","2",3,FALSE
"342","R_1H707scKVBKDbuY",3,"c","A","bar","2",3,FALSE
"343","R_3qItOVB1m3rRIHO",3,"c","A","hammock","2",3,FALSE
"344","R_a5XRod8QdXHdgiM",3,"c","A","circos","2",3,FALSE
"345","R_bP1eWMUqcLIi1rm",3,"c","A","bar","2",3,FALSE
"346","R_3ZQvAmasceYQPQM",3,"c","A","hammock","2",3,FALSE
"347","R_bvGXdKWl3ICupP6",3,"c","A","bar","2",3,FALSE
"348","R_6Sw1XuYKHVRsEWU",3,"c","A","bar","2",3,FALSE
"349","R_4I64gDQSHH8ojze",3,"c","A","bar","2",3,FALSE
"350","R_6Gnw4mQ6x4AVWII",3,"c","A","hammock","2",3,FALSE
"351","R_3Kmgffq9P84Hqi8",3,"c","A","bar","2",3,FALSE
"352","R_8HaXTyDqjDiLelu",3,"c","A","hammock","2",3,FALSE
"353","R_ekPM1Syz0w3SC9K",3,"c","A","circos","2",3,FALSE
"354","R_bQRG1H7frzNaEQs",3,"c","A","circos","2",3,FALSE
"355","R_d0jsFdwwwPH4qm8",3,"c","A","circos","2",3,FALSE
"356","R_bIrefWwgM8eoCOw",3,"c","A","bar","2",3,FALSE
"357","R_bQosMSXWXg07Ljm",3,"c","A","hammock","2",3,FALSE
"358","R_0O0VLA2fLGC5SAI",3,"c","A","circos","2",3,FALSE
"359","R_eQgihX6yHZzRODi",3,"c","A","bar","2",3,FALSE
"360","R_6EF1Vcw5fLiuBAo",3,"c","A","hammock","2",3,FALSE
"361","R_9st8AEs2Cmddkiw",3,"c","A","bar","No Response",3,FALSE
"362","R_eWm6JNzYLa6yOP2",3,"c","A","hammock","3",3,TRUE
"363","R_6tm0XdCBcbPY71G",3,"c","A","hammock","2",3,FALSE
"364","R_7ONSkE1nz3KoRFO",3,"d","A","bar","2",2,TRUE
"365","R_dha3yxnSNHMTiza",3,"d","A","circos","2",2,TRUE
"366","R_9zbF9pVnDgKLogc",3,"d","A","hammock","2",2,TRUE
"367","R_1Umw95YI8cv3DRG",3,"d","A","bar","2",2,TRUE
"368","R_bsx1sOloTtKtSJu",3,"d","A","hammock","No Response",2,FALSE
"369","R_6FmRiHnhkQsTeMk",3,"d","A","hammock","2",2,TRUE
"370","R_42C16OPPjnYm8CM",3,"d","A","circos","2",2,TRUE
"371","R_6m2qpZPOKpdyD9a",3,"d","A","hammock","2",2,TRUE
"372","R_5sYZSfjLDJir2kI",3,"d","A","bar","2",2,TRUE
"373","R_01a6HI55lPgLUd6",3,"d","A","circos","1",2,FALSE
"374","R_9QDU9nFW3MfKHoU",3,"d","A","hammock","2",2,TRUE
"375","R_1H707scKVBKDbuY",3,"d","A","bar","2",2,TRUE
"376","R_3qItOVB1m3rRIHO",3,"d","A","hammock","2",2,TRUE
"377","R_a5XRod8QdXHdgiM",3,"d","A","circos","2",2,TRUE
"378","R_bP1eWMUqcLIi1rm",3,"d","A","bar","2",2,TRUE
"379","R_3ZQvAmasceYQPQM",3,"d","A","hammock","2",2,TRUE
"380","R_bvGXdKWl3ICupP6",3,"d","A","bar","2",2,TRUE
"381","R_6Sw1XuYKHVRsEWU",3,"d","A","bar","2",2,TRUE
"382","R_4I64gDQSHH8ojze",3,"d","A","bar","2",2,TRUE
"383","R_6Gnw4mQ6x4AVWII",3,"d","A","hammock","2",2,TRUE
"384","R_3Kmgffq9P84Hqi8",3,"d","A","bar","2",2,TRUE
"385","R_8HaXTyDqjDiLelu",3,"d","A","hammock","2",2,TRUE
"386","R_ekPM1Syz0w3SC9K",3,"d","A","circos","2",2,TRUE
"387","R_bQRG1H7frzNaEQs",3,"d","A","circos","2",2,TRUE
"388","R_d0jsFdwwwPH4qm8",3,"d","A","circos","2",2,TRUE
"389","R_bIrefWwgM8eoCOw",3,"d","A","bar","2",2,TRUE
"390","R_bQosMSXWXg07Ljm",3,"d","A","hammock","2",2,TRUE
"391","R_0O0VLA2fLGC5SAI",3,"d","A","circos","2",2,TRUE
"392","R_eQgihX6yHZzRODi",3,"d","A","bar","2",2,TRUE
"393","R_6EF1Vcw5fLiuBAo",3,"d","A","hammock","2",2,TRUE
"394","R_9st8AEs2Cmddkiw",3,"d","A","bar","No Response",2,FALSE
"395","R_eWm6JNzYLa6yOP2",3,"d","A","hammock","2",2,TRUE
"396","R_6tm0XdCBcbPY71G",3,"d","A","hammock","2",2,TRUE
"397","R_7ONSkE1nz3KoRFO",1,"a","B","hammock","1",1,TRUE
"398","R_dha3yxnSNHMTiza",1,"a","B","bar","1",1,TRUE
"399","R_9zbF9pVnDgKLogc",1,"a","B","bar","1",1,TRUE
"400","R_1Umw95YI8cv3DRG",1,"a","B","hammock","1",1,TRUE
"401","R_bsx1sOloTtKtSJu",1,"a","B","circos","1",1,TRUE
"402","R_6FmRiHnhkQsTeMk",1,"a","B","bar","1",1,TRUE
"403","R_42C16OPPjnYm8CM",1,"a","B","hammock","2",1,FALSE
"404","R_6m2qpZPOKpdyD9a",1,"a","B","circos","1",1,TRUE
"405","R_5sYZSfjLDJir2kI",1,"a","B","hammock","1",1,TRUE
"406","R_01a6HI55lPgLUd6",1,"a","B","hammock","1",1,TRUE
"407","R_9QDU9nFW3MfKHoU",1,"a","B","circos","1",1,TRUE
"408","R_1H707scKVBKDbuY",1,"a","B","circos","1",1,TRUE
"409","R_3qItOVB1m3rRIHO",1,"a","B","bar","1",1,TRUE
"410","R_a5XRod8QdXHdgiM",1,"a","B","bar","1",1,TRUE
"411","R_bP1eWMUqcLIi1rm",1,"a","B","hammock","1",1,TRUE
"412","R_3ZQvAmasceYQPQM",1,"a","B","circos","1",1,TRUE
"413","R_bvGXdKWl3ICupP6",1,"a","B","hammock","1",1,TRUE
"414","R_6Sw1XuYKHVRsEWU",1,"a","B","circos","1",1,TRUE
"415","R_4I64gDQSHH8ojze",1,"a","B","hammock","1",1,TRUE
"416","R_6Gnw4mQ6x4AVWII",1,"a","B","circos","1",1,TRUE
"417","R_3Kmgffq9P84Hqi8",1,"a","B","circos","1",1,TRUE
"418","R_8HaXTyDqjDiLelu",1,"a","B","bar","1",1,TRUE
"419","R_ekPM1Syz0w3SC9K",1,"a","B","bar","1",1,TRUE
"420","R_bQRG1H7frzNaEQs",1,"a","B","hammock","2",1,FALSE
"421","R_d0jsFdwwwPH4qm8",1,"a","B","bar","1",1,TRUE
"422","R_bIrefWwgM8eoCOw",1,"a","B","circos","1",1,TRUE
"423","R_bQosMSXWXg07Ljm",1,"a","B","circos","1",1,TRUE
"424","R_0O0VLA2fLGC5SAI",1,"a","B","bar","1",1,TRUE
"425","R_eQgihX6yHZzRODi",1,"a","B","circos","1",1,TRUE
"426","R_6EF1Vcw5fLiuBAo",1,"a","B","bar","1",1,TRUE
"427","R_9st8AEs2Cmddkiw",1,"a","B","hammock","1",1,TRUE
"428","R_eWm6JNzYLa6yOP2",1,"a","B","circos","1",1,TRUE
"429","R_6tm0XdCBcbPY71G",1,"a","B","circos","1",1,TRUE
"430","R_7ONSkE1nz3KoRFO",2,"a","B","hammock","2",1,FALSE
"431","R_dha3yxnSNHMTiza",2,"a","B","bar","2",1,FALSE
"432","R_9zbF9pVnDgKLogc",2,"a","B","bar","2",1,FALSE
"433","R_1Umw95YI8cv3DRG",2,"a","B","hammock","4",1,FALSE
"434","R_bsx1sOloTtKtSJu",2,"a","B","circos","2",1,FALSE
"435","R_6FmRiHnhkQsTeMk",2,"a","B","bar","2",1,FALSE
"436","R_42C16OPPjnYm8CM",2,"a","B","hammock","2",1,FALSE
"437","R_6m2qpZPOKpdyD9a",2,"a","B","circos","No Response",1,FALSE
"438","R_5sYZSfjLDJir2kI",2,"a","B","hammock","3",1,FALSE
"439","R_01a6HI55lPgLUd6",2,"a","B","hammock","No Response",1,FALSE
"440","R_9QDU9nFW3MfKHoU",2,"a","B","circos","No Response",1,FALSE
"441","R_1H707scKVBKDbuY",2,"a","B","circos","No Response",1,FALSE
"442","R_3qItOVB1m3rRIHO",2,"a","B","bar","2",1,FALSE
"443","R_a5XRod8QdXHdgiM",2,"a","B","bar","3",1,FALSE
"444","R_bP1eWMUqcLIi1rm",2,"a","B","hammock","2",1,FALSE
"445","R_3ZQvAmasceYQPQM",2,"a","B","circos","No Response",1,FALSE
"446","R_bvGXdKWl3ICupP6",2,"a","B","hammock","2",1,FALSE
"447","R_6Sw1XuYKHVRsEWU",2,"a","B","circos","2",1,FALSE
"448","R_4I64gDQSHH8ojze",2,"a","B","hammock","No Response",1,FALSE
"449","R_6Gnw4mQ6x4AVWII",2,"a","B","circos","2",1,FALSE
"450","R_3Kmgffq9P84Hqi8",2,"a","B","circos","2",1,FALSE
"451","R_8HaXTyDqjDiLelu",2,"a","B","bar","No Response",1,FALSE
"452","R_ekPM1Syz0w3SC9K",2,"a","B","bar","2",1,FALSE
"453","R_bQRG1H7frzNaEQs",2,"a","B","hammock","2",1,FALSE
"454","R_d0jsFdwwwPH4qm8",2,"a","B","bar","No Response",1,FALSE
"455","R_bIrefWwgM8eoCOw",2,"a","B","circos","2",1,FALSE
"456","R_bQosMSXWXg07Ljm",2,"a","B","circos","No Response",1,FALSE
"457","R_0O0VLA2fLGC5SAI",2,"a","B","bar","2",1,FALSE
"458","R_eQgihX6yHZzRODi",2,"a","B","circos","No Response",1,FALSE
"459","R_6EF1Vcw5fLiuBAo",2,"a","B","bar","2",1,FALSE
"460","R_9st8AEs2Cmddkiw",2,"a","B","hammock","2",1,FALSE
"461","R_eWm6JNzYLa6yOP2",2,"a","B","circos","2",1,FALSE
"462","R_6tm0XdCBcbPY71G",2,"a","B","circos","2",1,FALSE
"463","R_7ONSkE1nz3KoRFO",2,"b","B","hammock","3",4,FALSE
"464","R_dha3yxnSNHMTiza",2,"b","B","bar","3",4,FALSE
"465","R_9zbF9pVnDgKLogc",2,"b","B","bar","2",4,FALSE
"466","R_1Umw95YI8cv3DRG",2,"b","B","hammock","2",4,FALSE
"467","R_bsx1sOloTtKtSJu",2,"b","B","circos","4",4,TRUE
"468","R_6FmRiHnhkQsTeMk",2,"b","B","bar","3",4,FALSE
"469","R_42C16OPPjnYm8CM",2,"b","B","hammock","2",4,FALSE
"470","R_6m2qpZPOKpdyD9a",2,"b","B","circos","No Response",4,FALSE
"471","R_5sYZSfjLDJir2kI",2,"b","B","hammock","3",4,FALSE
"472","R_01a6HI55lPgLUd6",2,"b","B","hammock","No Response",4,FALSE
"473","R_9QDU9nFW3MfKHoU",2,"b","B","circos","No Response",4,FALSE
"474","R_1H707scKVBKDbuY",2,"b","B","circos","No Response",4,FALSE
"475","R_3qItOVB1m3rRIHO",2,"b","B","bar","3",4,FALSE
"476","R_a5XRod8QdXHdgiM",2,"b","B","bar","2",4,FALSE
"477","R_bP1eWMUqcLIi1rm",2,"b","B","hammock","3",4,FALSE
"478","R_3ZQvAmasceYQPQM",2,"b","B","circos","No Response",4,FALSE
"479","R_bvGXdKWl3ICupP6",2,"b","B","hammock","3",4,FALSE
"480","R_6Sw1XuYKHVRsEWU",2,"b","B","circos","4",4,TRUE
"481","R_4I64gDQSHH8ojze",2,"b","B","hammock","No Response",4,FALSE
"482","R_6Gnw4mQ6x4AVWII",2,"b","B","circos","4",4,TRUE
"483","R_3Kmgffq9P84Hqi8",2,"b","B","circos","2",4,FALSE
"484","R_8HaXTyDqjDiLelu",2,"b","B","bar","No Response",4,FALSE
"485","R_ekPM1Syz0w3SC9K",2,"b","B","bar","3",4,FALSE
"486","R_bQRG1H7frzNaEQs",2,"b","B","hammock","2",4,FALSE
"487","R_d0jsFdwwwPH4qm8",2,"b","B","bar","No Response",4,FALSE
"488","R_bIrefWwgM8eoCOw",2,"b","B","circos","3",4,FALSE
"489","R_bQosMSXWXg07Ljm",2,"b","B","circos","No Response",4,FALSE
"490","R_0O0VLA2fLGC5SAI",2,"b","B","bar","3",4,FALSE
"491","R_eQgihX6yHZzRODi",2,"b","B","circos","No Response",4,FALSE
"492","R_6EF1Vcw5fLiuBAo",2,"b","B","bar","3",4,FALSE
"493","R_9st8AEs2Cmddkiw",2,"b","B","hammock","3",4,FALSE
"494","R_eWm6JNzYLa6yOP2",2,"b","B","circos","2",4,FALSE
"495","R_6tm0XdCBcbPY71G",2,"b","B","circos","3",4,FALSE
"496","R_7ONSkE1nz3KoRFO",2,"c","B","hammock","3",3,TRUE
"497","R_dha3yxnSNHMTiza",2,"c","B","bar","3",3,TRUE
"498","R_9zbF9pVnDgKLogc",2,"c","B","bar","4",3,FALSE
"499","R_1Umw95YI8cv3DRG",2,"c","B","hammock","2",3,FALSE
"500","R_bsx1sOloTtKtSJu",2,"c","B","circos","2",3,FALSE
"501","R_6FmRiHnhkQsTeMk",2,"c","B","bar","2",3,FALSE
"502","R_42C16OPPjnYm8CM",2,"c","B","hammock","2",3,FALSE
"503","R_6m2qpZPOKpdyD9a",2,"c","B","circos","No Response",3,FALSE
"504","R_5sYZSfjLDJir2kI",2,"c","B","hammock","3",3,TRUE
"505","R_01a6HI55lPgLUd6",2,"c","B","hammock","No Response",3,FALSE
"506","R_9QDU9nFW3MfKHoU",2,"c","B","circos","No Response",3,FALSE
"507","R_1H707scKVBKDbuY",2,"c","B","circos","No Response",3,FALSE
"508","R_3qItOVB1m3rRIHO",2,"c","B","bar","3",3,TRUE
"509","R_a5XRod8QdXHdgiM",2,"c","B","bar","2",3,FALSE
"510","R_bP1eWMUqcLIi1rm",2,"c","B","hammock","3",3,TRUE
"511","R_3ZQvAmasceYQPQM",2,"c","B","circos","No Response",3,FALSE
"512","R_bvGXdKWl3ICupP6",2,"c","B","hammock","3",3,TRUE
"513","R_6Sw1XuYKHVRsEWU",2,"c","B","circos","2",3,FALSE
"514","R_4I64gDQSHH8ojze",2,"c","B","hammock","No Response",3,FALSE
"515","R_6Gnw4mQ6x4AVWII",2,"c","B","circos","2",3,FALSE
"516","R_3Kmgffq9P84Hqi8",2,"c","B","circos","3",3,TRUE
"517","R_8HaXTyDqjDiLelu",2,"c","B","bar","No Response",3,FALSE
"518","R_ekPM1Syz0w3SC9K",2,"c","B","bar","3",3,TRUE
"519","R_bQRG1H7frzNaEQs",2,"c","B","hammock","2",3,FALSE
"520","R_d0jsFdwwwPH4qm8",2,"c","B","bar","No Response",3,FALSE
"521","R_bIrefWwgM8eoCOw",2,"c","B","circos","3",3,TRUE
"522","R_bQosMSXWXg07Ljm",2,"c","B","circos","No Response",3,FALSE
"523","R_0O0VLA2fLGC5SAI",2,"c","B","bar","3",3,TRUE
"524","R_eQgihX6yHZzRODi",2,"c","B","circos","No Response",3,FALSE
"525","R_6EF1Vcw5fLiuBAo",2,"c","B","bar","3",3,TRUE
"526","R_9st8AEs2Cmddkiw",2,"c","B","hammock","3",3,TRUE
"527","R_eWm6JNzYLa6yOP2",2,"c","B","circos","3",3,TRUE
"528","R_6tm0XdCBcbPY71G",2,"c","B","circos","3",3,TRUE
"529","R_7ONSkE1nz3KoRFO",2,"d","B","hammock","3",2,FALSE
"530","R_dha3yxnSNHMTiza",2,"d","B","bar","2",2,TRUE
"531","R_9zbF9pVnDgKLogc",2,"d","B","bar","2",2,TRUE
"532","R_1Umw95YI8cv3DRG",2,"d","B","hammock","3",2,FALSE
"533","R_bsx1sOloTtKtSJu",2,"d","B","circos","2",2,TRUE
"534","R_6FmRiHnhkQsTeMk",2,"d","B","bar","3",2,FALSE
"535","R_42C16OPPjnYm8CM",2,"d","B","hammock","2",2,TRUE
"536","R_6m2qpZPOKpdyD9a",2,"d","B","circos","No Response",2,FALSE
"537","R_5sYZSfjLDJir2kI",2,"d","B","hammock","2",2,TRUE
"538","R_01a6HI55lPgLUd6",2,"d","B","hammock","No Response",2,FALSE
"539","R_9QDU9nFW3MfKHoU",2,"d","B","circos","No Response",2,FALSE
"540","R_1H707scKVBKDbuY",2,"d","B","circos","No Response",2,FALSE
"541","R_3qItOVB1m3rRIHO",2,"d","B","bar","2",2,TRUE
"542","R_a5XRod8QdXHdgiM",2,"d","B","bar","2",2,TRUE
"543","R_bP1eWMUqcLIi1rm",2,"d","B","hammock","3",2,FALSE
"544","R_3ZQvAmasceYQPQM",2,"d","B","circos","No Response",2,FALSE
"545","R_bvGXdKWl3ICupP6",2,"d","B","hammock","3",2,FALSE
"546","R_6Sw1XuYKHVRsEWU",2,"d","B","circos","2",2,TRUE
"547","R_4I64gDQSHH8ojze",2,"d","B","hammock","No Response",2,FALSE
"548","R_6Gnw4mQ6x4AVWII",2,"d","B","circos","2",2,TRUE
"549","R_3Kmgffq9P84Hqi8",2,"d","B","circos","3",2,FALSE
"550","R_8HaXTyDqjDiLelu",2,"d","B","bar","No Response",2,FALSE
"551","R_ekPM1Syz0w3SC9K",2,"d","B","bar","2",2,TRUE
"552","R_bQRG1H7frzNaEQs",2,"d","B","hammock","2",2,TRUE
"553","R_d0jsFdwwwPH4qm8",2,"d","B","bar","No Response",2,FALSE
"554","R_bIrefWwgM8eoCOw",2,"d","B","circos","2",2,TRUE
"555","R_bQosMSXWXg07Ljm",2,"d","B","circos","No Response",2,FALSE
"556","R_0O0VLA2fLGC5SAI",2,"d","B","bar","2",2,TRUE
"557","R_eQgihX6yHZzRODi",2,"d","B","circos","No Response",2,FALSE
"558","R_6EF1Vcw5fLiuBAo",2,"d","B","bar","2",2,TRUE
"559","R_9st8AEs2Cmddkiw",2,"d","B","hammock","3",2,FALSE
"560","R_eWm6JNzYLa6yOP2",2,"d","B","circos","3",2,FALSE
"561","R_6tm0XdCBcbPY71G",2,"d","B","circos","2",2,TRUE
"562","R_7ONSkE1nz3KoRFO",2,"a","B","hammock","2",1,FALSE
"563","R_dha3yxnSNHMTiza",2,"a","B","bar","5",1,FALSE
"564","R_9zbF9pVnDgKLogc",2,"a","B","bar","2",1,FALSE
"565","R_1Umw95YI8cv3DRG",2,"a","B","hammock","4",1,FALSE
"566","R_bsx1sOloTtKtSJu",2,"a","B","circos","2",1,FALSE
"567","R_6FmRiHnhkQsTeMk",2,"a","B","bar","2",1,FALSE
"568","R_42C16OPPjnYm8CM",2,"a","B","hammock","3",1,FALSE
"569","R_6m2qpZPOKpdyD9a",2,"a","B","circos","3",1,FALSE
"570","R_5sYZSfjLDJir2kI",2,"a","B","hammock","2",1,FALSE
"571","R_01a6HI55lPgLUd6",2,"a","B","hammock","4",1,FALSE
"572","R_9QDU9nFW3MfKHoU",2,"a","B","circos","3",1,FALSE
"573","R_1H707scKVBKDbuY",2,"a","B","circos","2",1,FALSE
"574","R_3qItOVB1m3rRIHO",2,"a","B","bar","2",1,FALSE
"575","R_a5XRod8QdXHdgiM",2,"a","B","bar","3",1,FALSE
"576","R_bP1eWMUqcLIi1rm",2,"a","B","hammock","2",1,FALSE
"577","R_3ZQvAmasceYQPQM",2,"a","B","circos","3",1,FALSE
"578","R_bvGXdKWl3ICupP6",2,"a","B","hammock","5",1,FALSE
"579","R_6Sw1XuYKHVRsEWU",2,"a","B","circos","2",1,FALSE
"580","R_4I64gDQSHH8ojze",2,"a","B","hammock","4",1,FALSE
"581","R_6Gnw4mQ6x4AVWII",2,"a","B","circos","2",1,FALSE
"582","R_3Kmgffq9P84Hqi8",2,"a","B","circos","3",1,FALSE
"583","R_8HaXTyDqjDiLelu",2,"a","B","bar","4",1,FALSE
"584","R_ekPM1Syz0w3SC9K",2,"a","B","bar","4",1,FALSE
"585","R_bQRG1H7frzNaEQs",2,"a","B","hammock","2",1,FALSE
"586","R_d0jsFdwwwPH4qm8",2,"a","B","bar","4",1,FALSE
"587","R_bIrefWwgM8eoCOw",2,"a","B","circos","2",1,FALSE
"588","R_bQosMSXWXg07Ljm",2,"a","B","circos","2",1,FALSE
"589","R_0O0VLA2fLGC5SAI",2,"a","B","bar","2",1,FALSE
"590","R_eQgihX6yHZzRODi",2,"a","B","circos","3",1,FALSE
"591","R_6EF1Vcw5fLiuBAo",2,"a","B","bar","3",1,FALSE
"592","R_9st8AEs2Cmddkiw",2,"a","B","hammock","3",1,FALSE
"593","R_eWm6JNzYLa6yOP2",2,"a","B","circos","2",1,FALSE
"594","R_6tm0XdCBcbPY71G",2,"a","B","circos","4",1,FALSE
"595","R_7ONSkE1nz3KoRFO",2,"b","B","hammock","4",4,TRUE
"596","R_dha3yxnSNHMTiza",2,"b","B","bar","2",4,FALSE
"597","R_9zbF9pVnDgKLogc",2,"b","B","bar","2",4,FALSE
"598","R_1Umw95YI8cv3DRG",2,"b","B","hammock","3",4,FALSE
"599","R_bsx1sOloTtKtSJu",2,"b","B","circos","2",4,FALSE
"600","R_6FmRiHnhkQsTeMk",2,"b","B","bar","3",4,FALSE
"601","R_42C16OPPjnYm8CM",2,"b","B","hammock","2",4,FALSE
"602","R_6m2qpZPOKpdyD9a",2,"b","B","circos","3",4,FALSE
"603","R_5sYZSfjLDJir2kI",2,"b","B","hammock","4",4,TRUE
"604","R_01a6HI55lPgLUd6",2,"b","B","hammock","3",4,FALSE
"605","R_9QDU9nFW3MfKHoU",2,"b","B","circos","3",4,FALSE
"606","R_1H707scKVBKDbuY",2,"b","B","circos","2",4,FALSE
"607","R_3qItOVB1m3rRIHO",2,"b","B","bar","3",4,FALSE
"608","R_a5XRod8QdXHdgiM",2,"b","B","bar","5",4,FALSE
"609","R_bP1eWMUqcLIi1rm",2,"b","B","hammock","4",4,TRUE
"610","R_3ZQvAmasceYQPQM",2,"b","B","circos","3",4,FALSE
"611","R_bvGXdKWl3ICupP6",2,"b","B","hammock","2",4,FALSE
"612","R_6Sw1XuYKHVRsEWU",2,"b","B","circos","2",4,FALSE
"613","R_4I64gDQSHH8ojze",2,"b","B","hammock","3",4,FALSE
"614","R_6Gnw4mQ6x4AVWII",2,"b","B","circos","2",4,FALSE
"615","R_3Kmgffq9P84Hqi8",2,"b","B","circos","3",4,FALSE
"616","R_8HaXTyDqjDiLelu",2,"b","B","bar","4",4,TRUE
"617","R_ekPM1Syz0w3SC9K",2,"b","B","bar","4",4,TRUE
"618","R_bQRG1H7frzNaEQs",2,"b","B","hammock","4",4,TRUE
"619","R_d0jsFdwwwPH4qm8",2,"b","B","bar","4",4,TRUE
"620","R_bIrefWwgM8eoCOw",2,"b","B","circos","2",4,FALSE
"621","R_bQosMSXWXg07Ljm",2,"b","B","circos","4",4,TRUE
"622","R_0O0VLA2fLGC5SAI",2,"b","B","bar","3",4,FALSE
"623","R_eQgihX6yHZzRODi",2,"b","B","circos","3",4,FALSE
"624","R_6EF1Vcw5fLiuBAo",2,"b","B","bar","3",4,FALSE
"625","R_9st8AEs2Cmddkiw",2,"b","B","hammock","4",4,TRUE
"626","R_eWm6JNzYLa6yOP2",2,"b","B","circos","3",4,FALSE
"627","R_6tm0XdCBcbPY71G",2,"b","B","circos","4",4,TRUE
"628","R_7ONSkE1nz3KoRFO",2,"c","B","hammock","2",3,FALSE
"629","R_dha3yxnSNHMTiza",2,"c","B","bar","3",3,TRUE
"630","R_9zbF9pVnDgKLogc",2,"c","B","bar","3",3,TRUE
"631","R_1Umw95YI8cv3DRG",2,"c","B","hammock","3",3,TRUE
"632","R_bsx1sOloTtKtSJu",2,"c","B","circos","3",3,TRUE
"633","R_6FmRiHnhkQsTeMk",2,"c","B","bar","2",3,FALSE
"634","R_42C16OPPjnYm8CM",2,"c","B","hammock","2",3,FALSE
"635","R_6m2qpZPOKpdyD9a",2,"c","B","circos","4",3,FALSE
"636","R_5sYZSfjLDJir2kI",2,"c","B","hammock","2",3,FALSE
"637","R_01a6HI55lPgLUd6",2,"c","B","hammock","3",3,TRUE
"638","R_9QDU9nFW3MfKHoU",2,"c","B","circos","4",3,FALSE
"639","R_1H707scKVBKDbuY",2,"c","B","circos","2",3,FALSE
"640","R_3qItOVB1m3rRIHO",2,"c","B","bar","3",3,TRUE
"641","R_a5XRod8QdXHdgiM",2,"c","B","bar","2",3,FALSE
"642","R_bP1eWMUqcLIi1rm",2,"c","B","hammock","2",3,FALSE
"643","R_3ZQvAmasceYQPQM",2,"c","B","circos","4",3,FALSE
"644","R_bvGXdKWl3ICupP6",2,"c","B","hammock","2",3,FALSE
"645","R_6Sw1XuYKHVRsEWU",2,"c","B","circos","2",3,FALSE
"646","R_4I64gDQSHH8ojze",2,"c","B","hammock","3",3,TRUE
"647","R_6Gnw4mQ6x4AVWII",2,"c","B","circos","5",3,FALSE
"648","R_3Kmgffq9P84Hqi8",2,"c","B","circos","3",3,TRUE
"649","R_8HaXTyDqjDiLelu",2,"c","B","bar","4",3,FALSE
"650","R_ekPM1Syz0w3SC9K",2,"c","B","bar","4",3,FALSE
"651","R_bQRG1H7frzNaEQs",2,"c","B","hammock","2",3,FALSE
"652","R_d0jsFdwwwPH4qm8",2,"c","B","bar","4",3,FALSE
"653","R_bIrefWwgM8eoCOw",2,"c","B","circos","2",3,FALSE
"654","R_bQosMSXWXg07Ljm",2,"c","B","circos","2",3,FALSE
"655","R_0O0VLA2fLGC5SAI",2,"c","B","bar","3",3,TRUE
"656","R_eQgihX6yHZzRODi",2,"c","B","circos","3",3,TRUE
"657","R_6EF1Vcw5fLiuBAo",2,"c","B","bar","3",3,TRUE
"658","R_9st8AEs2Cmddkiw",2,"c","B","hammock","2",3,FALSE
"659","R_eWm6JNzYLa6yOP2",2,"c","B","circos","3",3,TRUE
"660","R_6tm0XdCBcbPY71G",2,"c","B","circos","2",3,FALSE
"661","R_7ONSkE1nz3KoRFO",2,"d","B","hammock","2",2,TRUE
"662","R_dha3yxnSNHMTiza",2,"d","B","bar","2",2,TRUE
"663","R_9zbF9pVnDgKLogc",2,"d","B","bar","2",2,TRUE
"664","R_1Umw95YI8cv3DRG",2,"d","B","hammock","3",2,FALSE
"665","R_bsx1sOloTtKtSJu",2,"d","B","circos","2",2,TRUE
"666","R_6FmRiHnhkQsTeMk",2,"d","B","bar","3",2,FALSE
"667","R_42C16OPPjnYm8CM",2,"d","B","hammock","2",2,TRUE
"668","R_6m2qpZPOKpdyD9a",2,"d","B","circos","4",2,FALSE
"669","R_5sYZSfjLDJir2kI",2,"d","B","hammock","4",2,FALSE
"670","R_01a6HI55lPgLUd6",2,"d","B","hammock","3",2,FALSE
"671","R_9QDU9nFW3MfKHoU",2,"d","B","circos","4",2,FALSE
"672","R_1H707scKVBKDbuY",2,"d","B","circos","3",2,FALSE
"673","R_3qItOVB1m3rRIHO",2,"d","B","bar","2",2,TRUE
"674","R_a5XRod8QdXHdgiM",2,"d","B","bar","2",2,TRUE
"675","R_bP1eWMUqcLIi1rm",2,"d","B","hammock","2",2,TRUE
"676","R_3ZQvAmasceYQPQM",2,"d","B","circos","4",2,FALSE
"677","R_bvGXdKWl3ICupP6",2,"d","B","hammock","2",2,TRUE
"678","R_6Sw1XuYKHVRsEWU",2,"d","B","circos","5",2,FALSE
"679","R_4I64gDQSHH8ojze",2,"d","B","hammock","3",2,FALSE
"680","R_6Gnw4mQ6x4AVWII",2,"d","B","circos","2",2,TRUE
"681","R_3Kmgffq9P84Hqi8",2,"d","B","circos","4",2,FALSE
"682","R_8HaXTyDqjDiLelu",2,"d","B","bar","4",2,FALSE
"683","R_ekPM1Syz0w3SC9K",2,"d","B","bar","3",2,FALSE
"684","R_bQRG1H7frzNaEQs",2,"d","B","hammock","2",2,TRUE
"685","R_d0jsFdwwwPH4qm8",2,"d","B","bar","3",2,FALSE
"686","R_bIrefWwgM8eoCOw",2,"d","B","circos","2",2,TRUE
"687","R_bQosMSXWXg07Ljm",2,"d","B","circos","3",2,FALSE
"688","R_0O0VLA2fLGC5SAI",2,"d","B","bar","2",2,TRUE
"689","R_eQgihX6yHZzRODi",2,"d","B","circos","4",2,FALSE
"690","R_6EF1Vcw5fLiuBAo",2,"d","B","bar","3",2,FALSE
"691","R_9st8AEs2Cmddkiw",2,"d","B","hammock","2",2,TRUE
"692","R_eWm6JNzYLa6yOP2",2,"d","B","circos","2",2,TRUE
"693","R_6tm0XdCBcbPY71G",2,"d","B","circos","2",2,TRUE
"694","R_7ONSkE1nz3KoRFO",1,"a","C","circos","No Response",1,FALSE
"695","R_dha3yxnSNHMTiza",1,"a","C","hammock","2",1,FALSE
"696","R_9zbF9pVnDgKLogc",1,"a","C","circos","3",1,FALSE
"697","R_1Umw95YI8cv3DRG",1,"a","C","circos","3",1,FALSE
"698","R_bsx1sOloTtKtSJu",1,"a","C","bar","3",1,FALSE
"699","R_6FmRiHnhkQsTeMk",1,"a","C","circos","3",1,FALSE
"700","R_42C16OPPjnYm8CM",1,"a","C","bar","2",1,FALSE
"701","R_6m2qpZPOKpdyD9a",1,"a","C","bar","3",1,FALSE
"702","R_5sYZSfjLDJir2kI",1,"a","C","circos","3",1,FALSE
"703","R_01a6HI55lPgLUd6",1,"a","C","bar","No Response",1,FALSE
"704","R_9QDU9nFW3MfKHoU",1,"a","C","bar","No Response",1,FALSE
"705","R_1H707scKVBKDbuY",1,"a","C","hammock","2",1,FALSE
"706","R_3qItOVB1m3rRIHO",1,"a","C","circos","2",1,FALSE
"707","R_a5XRod8QdXHdgiM",1,"a","C","hammock","2",1,FALSE
"708","R_bP1eWMUqcLIi1rm",1,"a","C","circos","No Response",1,FALSE
"709","R_3ZQvAmasceYQPQM",1,"a","C","bar","3",1,FALSE
"710","R_bvGXdKWl3ICupP6",1,"a","C","circos","2",1,FALSE
"711","R_6Sw1XuYKHVRsEWU",1,"a","C","hammock","3",1,FALSE
"712","R_4I64gDQSHH8ojze",1,"a","C","circos","No Response",1,FALSE
"713","R_6Gnw4mQ6x4AVWII",1,"a","C","bar","3",1,FALSE
"714","R_3Kmgffq9P84Hqi8",1,"a","C","hammock","4",1,FALSE
"715","R_8HaXTyDqjDiLelu",1,"a","C","circos","No Response",1,FALSE
"716","R_ekPM1Syz0w3SC9K",1,"a","C","hammock","2",1,FALSE
"717","R_bQRG1H7frzNaEQs",1,"a","C","bar","2",1,FALSE
"718","R_d0jsFdwwwPH4qm8",1,"a","C","hammock","No Response",1,FALSE
"719","R_bIrefWwgM8eoCOw",1,"a","C","hammock","4",1,FALSE
"720","R_bQosMSXWXg07Ljm",1,"a","C","bar","3",1,FALSE
"721","R_0O0VLA2fLGC5SAI",1,"a","C","hammock","2",1,FALSE
"722","R_eQgihX6yHZzRODi",1,"a","C","hammock","No Response",1,FALSE
"723","R_6EF1Vcw5fLiuBAo",1,"a","C","circos","No Response",1,FALSE
"724","R_9st8AEs2Cmddkiw",1,"a","C","circos","2",1,FALSE
"725","R_eWm6JNzYLa6yOP2",1,"a","C","bar","3",1,FALSE
"726","R_6tm0XdCBcbPY71G",1,"a","C","bar","3",1,FALSE
"727","R_7ONSkE1nz3KoRFO",1,"b","C","circos","No Response",2,FALSE
"728","R_dha3yxnSNHMTiza",1,"b","C","hammock","2",2,TRUE
"729","R_9zbF9pVnDgKLogc",1,"b","C","circos","3",2,FALSE
"730","R_1Umw95YI8cv3DRG",1,"b","C","circos","3",2,FALSE
"731","R_bsx1sOloTtKtSJu",1,"b","C","bar","2",2,TRUE
"732","R_6FmRiHnhkQsTeMk",1,"b","C","circos","2",2,TRUE
"733","R_42C16OPPjnYm8CM",1,"b","C","bar","2",2,TRUE
"734","R_6m2qpZPOKpdyD9a",1,"b","C","bar","3",2,FALSE
"735","R_5sYZSfjLDJir2kI",1,"b","C","circos","3",2,FALSE
"736","R_01a6HI55lPgLUd6",1,"b","C","bar","No Response",2,FALSE
"737","R_9QDU9nFW3MfKHoU",1,"b","C","bar","No Response",2,FALSE
"738","R_1H707scKVBKDbuY",1,"b","C","hammock","2",2,TRUE
"739","R_3qItOVB1m3rRIHO",1,"b","C","circos","2",2,TRUE
"740","R_a5XRod8QdXHdgiM",1,"b","C","hammock","3",2,FALSE
"741","R_bP1eWMUqcLIi1rm",1,"b","C","circos","No Response",2,FALSE
"742","R_3ZQvAmasceYQPQM",1,"b","C","bar","3",2,FALSE
"743","R_bvGXdKWl3ICupP6",1,"b","C","circos","2",2,TRUE
"744","R_6Sw1XuYKHVRsEWU",1,"b","C","hammock","2",2,TRUE
"745","R_4I64gDQSHH8ojze",1,"b","C","circos","No Response",2,FALSE
"746","R_6Gnw4mQ6x4AVWII",1,"b","C","bar","2",2,TRUE
"747","R_3Kmgffq9P84Hqi8",1,"b","C","hammock","2",2,TRUE
"748","R_8HaXTyDqjDiLelu",1,"b","C","circos","No Response",2,FALSE
"749","R_ekPM1Syz0w3SC9K",1,"b","C","hammock","2",2,TRUE
"750","R_bQRG1H7frzNaEQs",1,"b","C","bar","2",2,TRUE
"751","R_d0jsFdwwwPH4qm8",1,"b","C","hammock","No Response",2,FALSE
"752","R_bIrefWwgM8eoCOw",1,"b","C","hammock","3",2,FALSE
"753","R_bQosMSXWXg07Ljm",1,"b","C","bar","2",2,TRUE
"754","R_0O0VLA2fLGC5SAI",1,"b","C","hammock","3",2,FALSE
"755","R_eQgihX6yHZzRODi",1,"b","C","hammock","No Response",2,FALSE
"756","R_6EF1Vcw5fLiuBAo",1,"b","C","circos","No Response",2,FALSE
"757","R_9st8AEs2Cmddkiw",1,"b","C","circos","2",2,TRUE
"758","R_eWm6JNzYLa6yOP2",1,"b","C","bar","2",2,TRUE
"759","R_6tm0XdCBcbPY71G",1,"b","C","bar","2",2,TRUE
"760","R_7ONSkE1nz3KoRFO",1,"c","C","circos","No Response",4,FALSE
"761","R_dha3yxnSNHMTiza",1,"c","C","hammock","3",4,FALSE
"762","R_9zbF9pVnDgKLogc",1,"c","C","circos","2",4,FALSE
"763","R_1Umw95YI8cv3DRG",1,"c","C","circos","2",4,FALSE
"764","R_bsx1sOloTtKtSJu",1,"c","C","bar","3",4,FALSE
"765","R_6FmRiHnhkQsTeMk",1,"c","C","circos","3",4,FALSE
"766","R_42C16OPPjnYm8CM",1,"c","C","bar","2",4,FALSE
"767","R_6m2qpZPOKpdyD9a",1,"c","C","bar","2",4,FALSE
"768","R_5sYZSfjLDJir2kI",1,"c","C","circos","2",4,FALSE
"769","R_01a6HI55lPgLUd6",1,"c","C","bar","No Response",4,FALSE
"770","R_9QDU9nFW3MfKHoU",1,"c","C","bar","No Response",4,FALSE
"771","R_1H707scKVBKDbuY",1,"c","C","hammock","4",4,TRUE
"772","R_3qItOVB1m3rRIHO",1,"c","C","circos","4",4,TRUE
"773","R_a5XRod8QdXHdgiM",1,"c","C","hammock","2",4,FALSE
"774","R_bP1eWMUqcLIi1rm",1,"c","C","circos","No Response",4,FALSE
"775","R_3ZQvAmasceYQPQM",1,"c","C","bar","3",4,FALSE
"776","R_bvGXdKWl3ICupP6",1,"c","C","circos","3",4,FALSE
"777","R_6Sw1XuYKHVRsEWU",1,"c","C","hammock","3",4,FALSE
"778","R_4I64gDQSHH8ojze",1,"c","C","circos","No Response",4,FALSE
"779","R_6Gnw4mQ6x4AVWII",1,"c","C","bar","3",4,FALSE
"780","R_3Kmgffq9P84Hqi8",1,"c","C","hammock","3",4,FALSE
"781","R_8HaXTyDqjDiLelu",1,"c","C","circos","No Response",4,FALSE
"782","R_ekPM1Syz0w3SC9K",1,"c","C","hammock","3",4,FALSE
"783","R_bQRG1H7frzNaEQs",1,"c","C","bar","2",4,FALSE
"784","R_d0jsFdwwwPH4qm8",1,"c","C","hammock","No Response",4,FALSE
"785","R_bIrefWwgM8eoCOw",1,"c","C","hammock","2",4,FALSE
"786","R_bQosMSXWXg07Ljm",1,"c","C","bar","3",4,FALSE
"787","R_0O0VLA2fLGC5SAI",1,"c","C","hammock","2",4,FALSE
"788","R_eQgihX6yHZzRODi",1,"c","C","hammock","No Response",4,FALSE
"789","R_6EF1Vcw5fLiuBAo",1,"c","C","circos","No Response",4,FALSE
"790","R_9st8AEs2Cmddkiw",1,"c","C","circos","3",4,FALSE
"791","R_eWm6JNzYLa6yOP2",1,"c","C","bar","3",4,FALSE
"792","R_6tm0XdCBcbPY71G",1,"c","C","bar","3",4,FALSE
"793","R_7ONSkE1nz3KoRFO",1,"d","C","circos","No Response",3,FALSE
"794","R_dha3yxnSNHMTiza",1,"d","C","hammock","2",3,FALSE
"795","R_9zbF9pVnDgKLogc",1,"d","C","circos","3",3,TRUE
"796","R_1Umw95YI8cv3DRG",1,"d","C","circos","3",3,TRUE
"797","R_bsx1sOloTtKtSJu",1,"d","C","bar","3",3,TRUE
"798","R_6FmRiHnhkQsTeMk",1,"d","C","circos","3",3,TRUE
"799","R_42C16OPPjnYm8CM",1,"d","C","bar","2",3,FALSE
"800","R_6m2qpZPOKpdyD9a",1,"d","C","bar","4",3,FALSE
"801","R_5sYZSfjLDJir2kI",1,"d","C","circos","3",3,TRUE
"802","R_01a6HI55lPgLUd6",1,"d","C","bar","No Response",3,FALSE
"803","R_9QDU9nFW3MfKHoU",1,"d","C","bar","No Response",3,FALSE
"804","R_1H707scKVBKDbuY",1,"d","C","hammock","2",3,FALSE
"805","R_3qItOVB1m3rRIHO",1,"d","C","circos","2",3,FALSE
"806","R_a5XRod8QdXHdgiM",1,"d","C","hammock","2",3,FALSE
"807","R_bP1eWMUqcLIi1rm",1,"d","C","circos","No Response",3,FALSE
"808","R_3ZQvAmasceYQPQM",1,"d","C","bar","2",3,FALSE
"809","R_bvGXdKWl3ICupP6",1,"d","C","circos","2",3,FALSE
"810","R_6Sw1XuYKHVRsEWU",1,"d","C","hammock","3",3,TRUE
"811","R_4I64gDQSHH8ojze",1,"d","C","circos","No Response",3,FALSE
"812","R_6Gnw4mQ6x4AVWII",1,"d","C","bar","3",3,TRUE
"813","R_3Kmgffq9P84Hqi8",1,"d","C","hammock","2",3,FALSE
"814","R_8HaXTyDqjDiLelu",1,"d","C","circos","No Response",3,FALSE
"815","R_ekPM1Syz0w3SC9K",1,"d","C","hammock","2",3,FALSE
"816","R_bQRG1H7frzNaEQs",1,"d","C","bar","2",3,FALSE
"817","R_d0jsFdwwwPH4qm8",1,"d","C","hammock","No Response",3,FALSE
"818","R_bIrefWwgM8eoCOw",1,"d","C","hammock","2",3,FALSE
"819","R_bQosMSXWXg07Ljm",1,"d","C","bar","3",3,TRUE
"820","R_0O0VLA2fLGC5SAI",1,"d","C","hammock","2",3,FALSE
"821","R_eQgihX6yHZzRODi",1,"d","C","hammock","No Response",3,FALSE
"822","R_6EF1Vcw5fLiuBAo",1,"d","C","circos","No Response",3,FALSE
"823","R_9st8AEs2Cmddkiw",1,"d","C","circos","2",3,FALSE
"824","R_eWm6JNzYLa6yOP2",1,"d","C","bar","3",3,TRUE
"825","R_6tm0XdCBcbPY71G",1,"d","C","bar","3",3,TRUE
"826","R_7ONSkE1nz3KoRFO",2,"a","C","circos","No Response",4,FALSE
"827","R_dha3yxnSNHMTiza",2,"a","C","hammock","2",4,FALSE
"828","R_9zbF9pVnDgKLogc",2,"a","C","circos","3",4,FALSE
"829","R_1Umw95YI8cv3DRG",2,"a","C","circos","2",4,FALSE
"830","R_bsx1sOloTtKtSJu",2,"a","C","bar","3",4,FALSE
"831","R_6FmRiHnhkQsTeMk",2,"a","C","circos","2",4,FALSE
"832","R_42C16OPPjnYm8CM",2,"a","C","bar","2",4,FALSE
"833","R_6m2qpZPOKpdyD9a",2,"a","C","bar","No Response",4,FALSE
"834","R_5sYZSfjLDJir2kI",2,"a","C","circos","2",4,FALSE
"835","R_01a6HI55lPgLUd6",2,"a","C","bar","No Response",4,FALSE
"836","R_9QDU9nFW3MfKHoU",2,"a","C","bar","No Response",4,FALSE
"837","R_1H707scKVBKDbuY",2,"a","C","hammock","2",4,FALSE
"838","R_3qItOVB1m3rRIHO",2,"a","C","circos","2",4,FALSE
"839","R_a5XRod8QdXHdgiM",2,"a","C","hammock","2",4,FALSE
"840","R_bP1eWMUqcLIi1rm",2,"a","C","circos","No Response",4,FALSE
"841","R_3ZQvAmasceYQPQM",2,"a","C","bar","3",4,FALSE
"842","R_bvGXdKWl3ICupP6",2,"a","C","circos","4",4,TRUE
"843","R_6Sw1XuYKHVRsEWU",2,"a","C","hammock","2",4,FALSE
"844","R_4I64gDQSHH8ojze",2,"a","C","circos","No Response",4,FALSE
"845","R_6Gnw4mQ6x4AVWII",2,"a","C","bar","3",4,FALSE
"846","R_3Kmgffq9P84Hqi8",2,"a","C","hammock","2",4,FALSE
"847","R_8HaXTyDqjDiLelu",2,"a","C","circos","No Response",4,FALSE
"848","R_ekPM1Syz0w3SC9K",2,"a","C","hammock","2",4,FALSE
"849","R_bQRG1H7frzNaEQs",2,"a","C","bar","2",4,FALSE
"850","R_d0jsFdwwwPH4qm8",2,"a","C","hammock","No Response",4,FALSE
"851","R_bIrefWwgM8eoCOw",2,"a","C","hammock","2",4,FALSE
"852","R_bQosMSXWXg07Ljm",2,"a","C","bar","3",4,FALSE
"853","R_0O0VLA2fLGC5SAI",2,"a","C","hammock","2",4,FALSE
"854","R_eQgihX6yHZzRODi",2,"a","C","hammock","No Response",4,FALSE
"855","R_6EF1Vcw5fLiuBAo",2,"a","C","circos","No Response",4,FALSE
"856","R_9st8AEs2Cmddkiw",2,"a","C","circos","3",4,FALSE
"857","R_eWm6JNzYLa6yOP2",2,"a","C","bar","3",4,FALSE
"858","R_6tm0XdCBcbPY71G",2,"a","C","bar","3",4,FALSE
"859","R_7ONSkE1nz3KoRFO",2,"b","C","circos","No Response",1,FALSE
"860","R_dha3yxnSNHMTiza",2,"b","C","hammock","2",1,FALSE
"861","R_9zbF9pVnDgKLogc",2,"b","C","circos","3",1,FALSE
"862","R_1Umw95YI8cv3DRG",2,"b","C","circos","3",1,FALSE
"863","R_bsx1sOloTtKtSJu",2,"b","C","bar","2",1,FALSE
"864","R_6FmRiHnhkQsTeMk",2,"b","C","circos","2",1,FALSE
"865","R_42C16OPPjnYm8CM",2,"b","C","bar","2",1,FALSE
"866","R_6m2qpZPOKpdyD9a",2,"b","C","bar","No Response",1,FALSE
"867","R_5sYZSfjLDJir2kI",2,"b","C","circos","2",1,FALSE
"868","R_01a6HI55lPgLUd6",2,"b","C","bar","No Response",1,FALSE
"869","R_9QDU9nFW3MfKHoU",2,"b","C","bar","No Response",1,FALSE
"870","R_1H707scKVBKDbuY",2,"b","C","hammock","2",1,FALSE
"871","R_3qItOVB1m3rRIHO",2,"b","C","circos","2",1,FALSE
"872","R_a5XRod8QdXHdgiM",2,"b","C","hammock","2",1,FALSE
"873","R_bP1eWMUqcLIi1rm",2,"b","C","circos","No Response",1,FALSE
"874","R_3ZQvAmasceYQPQM",2,"b","C","bar","2",1,FALSE
"875","R_bvGXdKWl3ICupP6",2,"b","C","circos","2",1,FALSE
"876","R_6Sw1XuYKHVRsEWU",2,"b","C","hammock","3",1,FALSE
"877","R_4I64gDQSHH8ojze",2,"b","C","circos","No Response",1,FALSE
"878","R_6Gnw4mQ6x4AVWII",2,"b","C","bar","2",1,FALSE
"879","R_3Kmgffq9P84Hqi8",2,"b","C","hammock","2",1,FALSE
"880","R_8HaXTyDqjDiLelu",2,"b","C","circos","No Response",1,FALSE
"881","R_ekPM1Syz0w3SC9K",2,"b","C","hammock","2",1,FALSE
"882","R_bQRG1H7frzNaEQs",2,"b","C","bar","2",1,FALSE
"883","R_d0jsFdwwwPH4qm8",2,"b","C","hammock","No Response",1,FALSE
"884","R_bIrefWwgM8eoCOw",2,"b","C","hammock","2",1,FALSE
"885","R_bQosMSXWXg07Ljm",2,"b","C","bar","2",1,FALSE
"886","R_0O0VLA2fLGC5SAI",2,"b","C","hammock","2",1,FALSE
"887","R_eQgihX6yHZzRODi",2,"b","C","hammock","No Response",1,FALSE
"888","R_6EF1Vcw5fLiuBAo",2,"b","C","circos","No Response",1,FALSE
"889","R_9st8AEs2Cmddkiw",2,"b","C","circos","2",1,FALSE
"890","R_eWm6JNzYLa6yOP2",2,"b","C","bar","2",1,FALSE
"891","R_6tm0XdCBcbPY71G",2,"b","C","bar","2",1,FALSE
"892","R_7ONSkE1nz3KoRFO",2,"c","C","circos","No Response",2,FALSE
"893","R_dha3yxnSNHMTiza",2,"c","C","hammock","3",2,FALSE
"894","R_9zbF9pVnDgKLogc",2,"c","C","circos","3",2,FALSE
"895","R_1Umw95YI8cv3DRG",2,"c","C","circos","2",2,TRUE
"896","R_bsx1sOloTtKtSJu",2,"c","C","bar","3",2,FALSE
"897","R_6FmRiHnhkQsTeMk",2,"c","C","circos","2",2,TRUE
"898","R_42C16OPPjnYm8CM",2,"c","C","bar","2",2,TRUE
"899","R_6m2qpZPOKpdyD9a",2,"c","C","bar","No Response",2,FALSE
"900","R_5sYZSfjLDJir2kI",2,"c","C","circos","4",2,FALSE
"901","R_01a6HI55lPgLUd6",2,"c","C","bar","No Response",2,FALSE
"902","R_9QDU9nFW3MfKHoU",2,"c","C","bar","No Response",2,FALSE
"903","R_1H707scKVBKDbuY",2,"c","C","hammock","3",2,FALSE
"904","R_3qItOVB1m3rRIHO",2,"c","C","circos","3",2,FALSE
"905","R_a5XRod8QdXHdgiM",2,"c","C","hammock","2",2,TRUE
"906","R_bP1eWMUqcLIi1rm",2,"c","C","circos","No Response",2,FALSE
"907","R_3ZQvAmasceYQPQM",2,"c","C","bar","3",2,FALSE
"908","R_bvGXdKWl3ICupP6",2,"c","C","circos","3",2,FALSE
"909","R_6Sw1XuYKHVRsEWU",2,"c","C","hammock","3",2,FALSE
"910","R_4I64gDQSHH8ojze",2,"c","C","circos","No Response",2,FALSE
"911","R_6Gnw4mQ6x4AVWII",2,"c","C","bar","3",2,FALSE
"912","R_3Kmgffq9P84Hqi8",2,"c","C","hammock","2",2,TRUE
"913","R_8HaXTyDqjDiLelu",2,"c","C","circos","No Response",2,FALSE
"914","R_ekPM1Syz0w3SC9K",2,"c","C","hammock","3",2,FALSE
"915","R_bQRG1H7frzNaEQs",2,"c","C","bar","2",2,TRUE
"916","R_d0jsFdwwwPH4qm8",2,"c","C","hammock","No Response",2,FALSE
"917","R_bIrefWwgM8eoCOw",2,"c","C","hammock","3",2,FALSE
"918","R_bQosMSXWXg07Ljm",2,"c","C","bar","3",2,FALSE
"919","R_0O0VLA2fLGC5SAI",2,"c","C","hammock","3",2,FALSE
"920","R_eQgihX6yHZzRODi",2,"c","C","hammock","No Response",2,FALSE
"921","R_6EF1Vcw5fLiuBAo",2,"c","C","circos","No Response",2,FALSE
"922","R_9st8AEs2Cmddkiw",2,"c","C","circos","4",2,FALSE
"923","R_eWm6JNzYLa6yOP2",2,"c","C","bar","3",2,FALSE
"924","R_6tm0XdCBcbPY71G",2,"c","C","bar","3",2,FALSE
"925","R_7ONSkE1nz3KoRFO",2,"d","C","circos","No Response",3,FALSE
"926","R_dha3yxnSNHMTiza",2,"d","C","hammock","2",3,FALSE
"927","R_9zbF9pVnDgKLogc",2,"d","C","circos","2",3,FALSE
"928","R_1Umw95YI8cv3DRG",2,"d","C","circos","4",3,FALSE
"929","R_bsx1sOloTtKtSJu",2,"d","C","bar","2",3,FALSE
"930","R_6FmRiHnhkQsTeMk",2,"d","C","circos","4",3,FALSE
"931","R_42C16OPPjnYm8CM",2,"d","C","bar","2",3,FALSE
"932","R_6m2qpZPOKpdyD9a",2,"d","C","bar","No Response",3,FALSE
"933","R_5sYZSfjLDJir2kI",2,"d","C","circos","3",3,TRUE
"934","R_01a6HI55lPgLUd6",2,"d","C","bar","No Response",3,FALSE
"935","R_9QDU9nFW3MfKHoU",2,"d","C","bar","No Response",3,FALSE
"936","R_1H707scKVBKDbuY",2,"d","C","hammock","3",3,TRUE
"937","R_3qItOVB1m3rRIHO",2,"d","C","circos","3",3,TRUE
"938","R_a5XRod8QdXHdgiM",2,"d","C","hammock","3",3,TRUE
"939","R_bP1eWMUqcLIi1rm",2,"d","C","circos","No Response",3,FALSE
"940","R_3ZQvAmasceYQPQM",2,"d","C","bar","2",3,FALSE
"941","R_bvGXdKWl3ICupP6",2,"d","C","circos","3",3,TRUE
"942","R_6Sw1XuYKHVRsEWU",2,"d","C","hammock","2",3,FALSE
"943","R_4I64gDQSHH8ojze",2,"d","C","circos","No Response",3,FALSE
"944","R_6Gnw4mQ6x4AVWII",2,"d","C","bar","2",3,FALSE
"945","R_3Kmgffq9P84Hqi8",2,"d","C","hammock","4",3,FALSE
"946","R_8HaXTyDqjDiLelu",2,"d","C","circos","No Response",3,FALSE
"947","R_ekPM1Syz0w3SC9K",2,"d","C","hammock","2",3,FALSE
"948","R_bQRG1H7frzNaEQs",2,"d","C","bar","2",3,FALSE
"949","R_d0jsFdwwwPH4qm8",2,"d","C","hammock","No Response",3,FALSE
"950","R_bIrefWwgM8eoCOw",2,"d","C","hammock","3",3,TRUE
"951","R_bQosMSXWXg07Ljm",2,"d","C","bar","2",3,FALSE
"952","R_0O0VLA2fLGC5SAI",2,"d","C","hammock","2",3,FALSE
"953","R_eQgihX6yHZzRODi",2,"d","C","hammock","No Response",3,FALSE
"954","R_6EF1Vcw5fLiuBAo",2,"d","C","circos","No Response",3,FALSE
"955","R_9st8AEs2Cmddkiw",2,"d","C","circos","2",3,FALSE
"956","R_eWm6JNzYLa6yOP2",2,"d","C","bar","2",3,FALSE
"957","R_6tm0XdCBcbPY71G",2,"d","C","bar","2",3,FALSE
"958","R_7ONSkE1nz3KoRFO",3,"a","C","circos","3",3,TRUE
"959","R_dha3yxnSNHMTiza",3,"a","C","hammock","2",3,FALSE
"960","R_9zbF9pVnDgKLogc",3,"a","C","circos","2",3,FALSE
"961","R_1Umw95YI8cv3DRG",3,"a","C","circos","3",3,TRUE
"962","R_bsx1sOloTtKtSJu",3,"a","C","bar","3",3,TRUE
"963","R_6FmRiHnhkQsTeMk",3,"a","C","circos","3",3,TRUE
"964","R_42C16OPPjnYm8CM",3,"a","C","bar","2",3,FALSE
"965","R_6m2qpZPOKpdyD9a",3,"a","C","bar","2",3,FALSE
"966","R_5sYZSfjLDJir2kI",3,"a","C","circos","2",3,FALSE
"967","R_01a6HI55lPgLUd6",3,"a","C","bar","3",3,TRUE
"968","R_9QDU9nFW3MfKHoU",3,"a","C","bar","4",3,FALSE
"969","R_1H707scKVBKDbuY",3,"a","C","hammock","3",3,TRUE
"970","R_3qItOVB1m3rRIHO",3,"a","C","circos","2",3,FALSE
"971","R_a5XRod8QdXHdgiM",3,"a","C","hammock","3",3,TRUE
"972","R_bP1eWMUqcLIi1rm",3,"a","C","circos","3",3,TRUE
"973","R_3ZQvAmasceYQPQM",3,"a","C","bar","3",3,TRUE
"974","R_bvGXdKWl3ICupP6",3,"a","C","circos","3",3,TRUE
"975","R_6Sw1XuYKHVRsEWU",3,"a","C","hammock","3",3,TRUE
"976","R_4I64gDQSHH8ojze",3,"a","C","circos","3",3,TRUE
"977","R_6Gnw4mQ6x4AVWII",3,"a","C","bar","3",3,TRUE
"978","R_3Kmgffq9P84Hqi8",3,"a","C","hammock","2",3,FALSE
"979","R_8HaXTyDqjDiLelu",3,"a","C","circos","3",3,TRUE
"980","R_ekPM1Syz0w3SC9K",3,"a","C","hammock","3",3,TRUE
"981","R_bQRG1H7frzNaEQs",3,"a","C","bar","2",3,FALSE
"982","R_d0jsFdwwwPH4qm8",3,"a","C","hammock","3",3,TRUE
"983","R_bIrefWwgM8eoCOw",3,"a","C","hammock","2",3,FALSE
"984","R_bQosMSXWXg07Ljm",3,"a","C","bar","3",3,TRUE
"985","R_0O0VLA2fLGC5SAI",3,"a","C","hammock","2",3,FALSE
"986","R_eQgihX6yHZzRODi",3,"a","C","hammock","3",3,TRUE
"987","R_6EF1Vcw5fLiuBAo",3,"a","C","circos","3",3,TRUE
"988","R_9st8AEs2Cmddkiw",3,"a","C","circos","2",3,FALSE
"989","R_eWm6JNzYLa6yOP2",3,"a","C","bar","3",3,TRUE
"990","R_6tm0XdCBcbPY71G",3,"a","C","bar","3",3,TRUE
